group_id,name,jurisdiction,type,engagement_methods,contact,url,notes,summary_text,summary_source_url,summary_source_type,summary_retrieved_date
A0001,City of Charleston City Council,City of Charleston,Governing body,Attend meetings; submit public comment or sign up to speak via Public Meeting Portal; submit FOIA requests,City Clerk (meeting info) via Public Meeting Portal,https://www.charleston-sc.gov/DocumentCenter/View/8627/City-of-Charleston-City-Council-Meetings-for-2026,Meeting dates/time/location listed in 2026 schedule; agendas posted separately.,Listed as a City of Charleston public board/commission/committee with publicly scheduled meetings.,https://www.charleston-sc.gov/DocumentCenter/View/3734/City-of-Charleston-2026-Boards-and-Commissions-Meeting-Schedule,listing,2026-01-31
A0002,City of Charleston Public Meeting Portal,City of Charleston,Public comment portal,Submit written comments; sign up to speak for meetings if enabled by staff,Online portal,https://www.charleston-sc.gov/1842/Public-Meeting-Portal,Portal allows public comment submission and speaker sign-up depending on meeting settings.,"Create a Website Account - Manage notification subscriptions, save form progress and more. &nbsp;&nbsp;",https://www.charleston-sc.gov/1842/Public-Meeting-Portal,official,2026-01-31
A0003,City of Charleston Planning Commission,City of Charleston,Planning commission,Attend meetings; speak in person (no sign-up required); submit written comments by noon the day before,Planning Division (via portal or listed contact on page),https://www.charleston-sc.gov/173/Planning-Commission-PC,Meets 3rd Wednesday monthly at 5:00 PM; public comments accepted in person or via portal.,"Create a Website Account - Manage notification subscriptions, save form progress and more. &nbsp;&nbsp;",https://www.charleston-sc.gov/173/Planning-Commission-PC,official,2026-01-31
A0004,City of Charleston FOIA Request Portal,City of Charleston,Records office/FOIA,Submit FOIA requests for city records,Online request portal,https://www.charleston-sc.gov/1814/FOIA-Request,City provides online FOIA request submission.,Listed as a City of Charleston public board/commission/committee with publicly scheduled meetings.,https://www.charleston-sc.gov/DocumentCenter/View/3734/City-of-Charleston-2026-Boards-and-Commissions-Meeting-Schedule,listing,2026-01-31
A0005,Charleston County Council,Charleston County,Governing body,Attend meetings; sign up for notifications; submit public comments by email,public-comments@charlestoncounty.org,https://www.charlestoncounty.org/departments/county-council/index.php,Generally meets 2nd and 4th Tuesday; location listed on county council page.,Public body with meetings/engagement listed at the provided URL; mission/purpose details require manual review.,https://www.charlestoncounty.org/departments/county-council/index.php,listing,2026-01-31
A0006,Charleston County Planning Commission,Charleston County,Planning commission,Attend meetings; submit public comments on cases via Engage portal,Online Engage portal,https://engage.charlestoncounty.org/h1086,"2026 meeting dates, agenda packet, and comment instructions provided on Engage portal.",We developed this site in an effort to provide more access and opportunity for the public to engage in cases that affect their communities.&nbsp; Below&nbsp;you can provide your comments about cases that are currently under review by the Planning Commission.&nbsp; You can also participate via text or email.&nbsp;&nbsp; Let&rsquo;s get started.&nbsp;,https://engage.charlestoncounty.org/h1086,official,2026-01-31
A0007,Charleston County FOIA Requests (OneRequest),Charleston County,Records office/FOIA,Submit FOIA requests for county records,Online OneRequest portal,https://www.charlestoncounty.org/departments/foia-requests/,County uses OneRequest portal for FOIA requests.,Public body with meetings/engagement listed at the provided URL; mission/purpose details require manual review.,https://www.charlestoncounty.org/departments/foia-requests/,listing,2026-01-31
A0008,Charleston County Boards and Commissions,Charleston County,Advisory boards/commissions,Apply for appointment (applications accepted quarterly),Online application,https://www.charlestoncounty.org/departments/county-council/boards-and-commissions.php,County advertises vacancies and accepts applications on a quarterly cycle.,Public body with meetings/engagement listed at the provided URL; mission/purpose details require manual review.,https://www.charlestoncounty.org/departments/county-council/boards-and-commissions.php,listing,2026-01-31
A0009,Charleston County School District Board of Trustees,Charleston County School District,School board,Attend board meetings; public comment sessions; observe Committee of the Whole meetings,Board office (meeting location: 75 Calhoun St),https://www.ccsdschools.com/about-us/board-of-trustees,Public comment offered at Board meetings; Committee of the Whole meetings are public but no public comment.,Board of Trustees The CCSD Board of Trustees typically meets on the second and fourth Mondays of each month.&nbsp; Any exceptions to this meeting schedule will be posted publicly on the CCSD website.,https://www.ccsdschools.com/about-us/board-of-trustees,official,2026-01-31
A0010,City of Charleston Police Department - Office of Internal Affairs,City of Charleston,Law enforcement oversight/complaints,File complaint about officer conduct,Internal Affairs,https://www.charleston-sc.gov/343/Office-of-Internal-Affairs,City provides complaint process through Internal Affairs.,Listed as a City of Charleston public board/commission/committee with publicly scheduled meetings.,https://www.charleston-sc.gov/DocumentCenter/View/3734/City-of-Charleston-2026-Boards-and-Commissions-Meeting-Schedule,listing,2026-01-31
A0011,Charleston County Sheriff's Office - Office of Professional Standards,Charleston County,Law enforcement oversight/complaints,File complaint about sheriff’s office personnel,Professional Standards (online complaint form),https://www.charlestoncounty.org/departments/sheriff/office-of-professional-standards.php,Sheriff’s office accepts citizen complaints.,Public body with meetings/engagement listed at the provided URL; mission/purpose details require manual review.,https://www.charlestoncounty.org/departments/sheriff/office-of-professional-standards.php,listing,2026-01-31
A0012,South Carolina Freedom of Information Act (SC FOIA),South Carolina,State law (public records/open meetings),Request public records; rely on open meetings requirements,Applies to state/local public bodies,https://www.scstatehouse.gov/code/t30c004.php,Statewide law covering public records and meetings.,Public body with meetings/engagement listed at the provided URL; mission/purpose details require manual review.,https://www.scstatehouse.gov/code/t30c004.php,listing,2026-01-31
A0013,South Carolina Judicial Department - Office of Disciplinary Counsel,South Carolina,Judicial/lawyer discipline,File complaint against a judge or lawyer,Mail or in-person submission required,https://www.sccourts.org/administration/disciplinaryCounsel/,"Complaints must be written, signed, and mailed or delivered; email not accepted.",Public body with meetings/engagement listed at the provided URL; mission/purpose details require manual review.,https://www.sccourts.org/administration/disciplinaryCounsel/,listing,2026-01-31
A0014,South Carolina State Ethics Commission,South Carolina,Ethics complaints,File ethics complaint (public officials/filers),Commission office; complaint form required,https://ethics.sc.gov/complaints,Complaint form required; no electronic submissions per Commission guidance.,"Anyone who suspects that a violation of the Ethics Act has been committed by a public official, public member, or public employee may file a complaint with the State Ethics Commission. &nbsp;Effective as of April 1, 2017 the SC State Ethics Commission has jurisdiction to accept complaints filed against members of the SC General Assembly and candidates for the House of Representatives and the SC Senate. &nbsp;The State Ethics Commission is also authorized to file a complaint against any public official, public employee, or public member who is suspected of violating the Ethics Reform Act. &nbsp; Electronic copies will not be accepted.",https://ethics.sc.gov/complaints,official,2026-01-31
A0015,South Carolina Office of the Inspector General,South Carolina,Inspector general,Submit complaint about improper governmental activity,Online form or mail,https://governor.sc.gov/executive-branch/office-inspector-general/complaints,State IG accepts complaints about misuse of state resources or misconduct.,Public body with meetings/engagement listed at the provided URL; mission/purpose details require manual review.,https://governor.sc.gov/executive-branch/office-inspector-general/complaints,listing,2026-01-31
A0016,"South Carolina Department of Labor, Licensing and Regulation (LLR)",South Carolina,Professional licensing complaints,File complaint against licensed professionals or businesses regulated by LLR boards,Online complaint forms by board/profession,https://llr.sc.gov/complaints.aspx,LLR provides complaint forms and instructions by board.,Public body with meetings/engagement listed at the provided URL; mission/purpose details require manual review.,https://llr.sc.gov/complaints.aspx,listing,2026-01-31
A0017,South Carolina Department of Consumer Affairs (SCDCA),South Carolina,Consumer complaints/mediation,File consumer complaint,Online or paper complaint form,https://consumer.sc.gov/consumer-resources/complaints,SCDCA handles consumer complaints and mediation.,Public body with meetings/engagement listed at the provided URL; mission/purpose details require manual review.,https://consumer.sc.gov/consumer-resources/complaints,listing,2026-01-31
A0018,FOIA.gov (National FOIA Portal),Federal,Federal FOIA portal,Submit FOIA requests to federal agencies,Online portal,https://www.foia.gov/,FOIA.gov provides a centralized portal for federal FOIA requests.,Official websites use .gov A .gov website belongs to an official government organization in the United States.,https://www.foia.gov/,official,2026-01-31
A0019,Inspectors General Hotline Directory (IGnet/CIGIE),Federal,Inspector general complaints directory,Find correct federal IG hotline for complaints,IGnet directory,https://ignet.gov/content/hotline,Directory lists federal IG hotlines by agency.,Public body with meetings/engagement listed at the provided URL; mission/purpose details require manual review.,https://ignet.gov/content/hotline,listing,2026-01-31
A0020,U.S. Courts - Judicial Conduct and Disability,Federal,Federal judicial misconduct complaints,File complaint against federal judges under Judicial Conduct and Disability Act,Submit to appropriate circuit per U.S. Courts guidance,https://www.uscourts.gov/judges-judgeships/judicial-conduct-disability,Federal judiciary provides complaint process and forms.,Official websites use .gov A .gov website belongs to an official government organization in the United States.,https://www.uscourts.gov/judges-judgeships/judicial-conduct-disability,official,2026-01-31
A0021,Accommodations Tax Advisory Committee,City of Charleston,City board/commission/committee,Attend meetings; submit comments or speaker sign-up via Public Meeting Portal when enabled; request records via FOIA,Agenda Center / Public Meeting Portal,https://www.charleston-sc.gov/AgendaCenter/Search/?term=&CIDs=23,Category listed in Agenda Center; agendas/minutes posted there.,Listed as a City of Charleston public board/commission/committee with publicly scheduled meetings.,https://www.charleston-sc.gov/DocumentCenter/View/3734/City-of-Charleston-2026-Boards-and-Commissions-Meeting-Schedule,listing,2026-01-31
A0022,Ad Hoc Budget Advisory Committee,City of Charleston,City board/commission/committee,Attend meetings; submit comments or speaker sign-up via Public Meeting Portal when enabled; request records via FOIA,Agenda Center / Public Meeting Portal,https://www.charleston-sc.gov/AgendaCenter/Search/?term=&CIDs=40,Category listed in Agenda Center; agendas/minutes posted there.,Listed as a City of Charleston public board/commission/committee with publicly scheduled meetings.,https://www.charleston-sc.gov/DocumentCenter/View/3734/City-of-Charleston-2026-Boards-and-Commissions-Meeting-Schedule,listing,2026-01-31
A0023,Ad Hoc Rules Advisory Committee,City of Charleston,City board/commission/committee,Attend meetings; submit comments or speaker sign-up via Public Meeting Portal when enabled; request records via FOIA,Agenda Center / Public Meeting Portal,https://www.charleston-sc.gov/AgendaCenter/Search/?term=&CIDs=64,Category listed in Agenda Center; agendas/minutes posted there.,Listed as a City of Charleston public board/commission/committee with publicly scheduled meetings.,https://www.charleston-sc.gov/DocumentCenter/View/3734/City-of-Charleston-2026-Boards-and-Commissions-Meeting-Schedule,listing,2026-01-31
A0024,Army Corps 3x3 Committee,City of Charleston,City board/commission/committee,Attend meetings; submit comments or speaker sign-up via Public Meeting Portal when enabled; request records via FOIA,Agenda Center / Public Meeting Portal,https://www.charleston-sc.gov/AgendaCenter/Search/?term=&CIDs=60,Category listed in Agenda Center; agendas/minutes posted there.,Listed as a City of Charleston public board/commission/committee with publicly scheduled meetings.,https://www.charleston-sc.gov/DocumentCenter/View/3734/City-of-Charleston-2026-Boards-and-Commissions-Meeting-Schedule,listing,2026-01-31
A0025,Audit Committee,City of Charleston,City board/commission/committee,Attend meetings; submit comments or speaker sign-up via Public Meeting Portal when enabled; request records via FOIA,Agenda Center / Public Meeting Portal,https://www.charleston-sc.gov/AgendaCenter/Search/?term=&CIDs=20,Category listed in Agenda Center; agendas/minutes posted there.,"An audit committee is a committee of an organisation's board of directors which is responsible for oversight of the financial reporting process, selection of the independent auditor, and receipt of audit results both internal and external.",https://en.wikipedia.org/wiki/Audit_committee,wikipedia,2026-01-31
A0026,Bicycle and Pedestrian Advisory Committee,City of Charleston,City board/commission/committee,Attend meetings; submit comments or speaker sign-up via Public Meeting Portal when enabled; request records via FOIA,Agenda Center / Public Meeting Portal,https://www.charleston-sc.gov/AgendaCenter/Search/?term=&CIDs=36,Category listed in Agenda Center; agendas/minutes posted there.,Listed as a City of Charleston public board/commission/committee with publicly scheduled meetings.,https://www.charleston-sc.gov/DocumentCenter/View/3734/City-of-Charleston-2026-Boards-and-Commissions-Meeting-Schedule,listing,2026-01-31
A0027,Board of Architectural Review,City of Charleston,City board/commission/committee,Attend meetings; submit comments or speaker sign-up via Public Meeting Portal when enabled; request records via FOIA,Agenda Center / Public Meeting Portal,https://www.charleston-sc.gov/AgendaCenter/Search/?term=&CIDs=1,Category listed in Agenda Center; agendas/minutes posted there.,Listed as a City of Charleston public board/commission/committee with publicly scheduled meetings.,https://www.charleston-sc.gov/DocumentCenter/View/3734/City-of-Charleston-2026-Boards-and-Commissions-Meeting-Schedule,listing,2026-01-31
A0028,Board of Zoning Appeals Site Design,City of Charleston,City board/commission/committee,Attend meetings; submit comments or speaker sign-up via Public Meeting Portal when enabled; request records via FOIA,Agenda Center / Public Meeting Portal,https://www.charleston-sc.gov/AgendaCenter/Search/?term=&CIDs=2,Category listed in Agenda Center; agendas/minutes posted there.,Listed as a City of Charleston public board/commission/committee with publicly scheduled meetings.,https://www.charleston-sc.gov/DocumentCenter/View/3734/City-of-Charleston-2026-Boards-and-Commissions-Meeting-Schedule,listing,2026-01-31
A0029,Board of Zoning Appeals Zoning,City of Charleston,City board/commission/committee,Attend meetings; submit comments or speaker sign-up via Public Meeting Portal when enabled; request records via FOIA,Agenda Center / Public Meeting Portal,https://www.charleston-sc.gov/AgendaCenter/Search/?term=&CIDs=3,Category listed in Agenda Center; agendas/minutes posted there.,Listed as a City of Charleston public board/commission/committee with publicly scheduled meetings.,https://www.charleston-sc.gov/DocumentCenter/View/3734/City-of-Charleston-2026-Boards-and-Commissions-Meeting-Schedule,listing,2026-01-31
A0030,Building Codes Board of Appeals,City of Charleston,City board/commission/committee,Attend meetings; submit comments or speaker sign-up via Public Meeting Portal when enabled; request records via FOIA,Agenda Center / Public Meeting Portal,https://www.charleston-sc.gov/AgendaCenter/Search/?term=&CIDs=62,Category listed in Agenda Center; agendas/minutes posted there.,Listed as a City of Charleston public board/commission/committee with publicly scheduled meetings.,https://www.charleston-sc.gov/DocumentCenter/View/3734/City-of-Charleston-2026-Boards-and-Commissions-Meeting-Schedule,listing,2026-01-31
A0031,Central Business District Improvement Commission,City of Charleston,City board/commission/committee,Attend meetings; submit comments or speaker sign-up via Public Meeting Portal when enabled; request records via FOIA,Agenda Center / Public Meeting Portal,https://www.charleston-sc.gov/AgendaCenter/Search/?term=&CIDs=52,Category listed in Agenda Center; agendas/minutes posted there.,Listed as a City of Charleston public board/commission/committee with publicly scheduled meetings.,https://www.charleston-sc.gov/DocumentCenter/View/3734/City-of-Charleston-2026-Boards-and-Commissions-Meeting-Schedule,listing,2026-01-31
A0032,Charleston Basin Flood Action Committee,City of Charleston,City board/commission/committee,Attend meetings; submit comments or speaker sign-up via Public Meeting Portal when enabled; request records via FOIA,Agenda Center / Public Meeting Portal,https://www.charleston-sc.gov/AgendaCenter/Search/?term=&CIDs=74,Category listed in Agenda Center; agendas/minutes posted there.,Listed as a City of Charleston public board/commission/committee with publicly scheduled meetings.,https://www.charleston-sc.gov/DocumentCenter/View/3734/City-of-Charleston-2026-Boards-and-Commissions-Meeting-Schedule,listing,2026-01-31
A0033,Charleston Redevelopment Corporation,City of Charleston,City board/commission/committee,Attend meetings; submit comments or speaker sign-up via Public Meeting Portal when enabled; request records via FOIA,Agenda Center / Public Meeting Portal,https://www.charleston-sc.gov/AgendaCenter/Search/?term=&CIDs=58,Category listed in Agenda Center; agendas/minutes posted there.,Listed as a City of Charleston public board/commission/committee with publicly scheduled meetings.,https://www.charleston-sc.gov/DocumentCenter/View/3734/City-of-Charleston-2026-Boards-and-Commissions-Meeting-Schedule,listing,2026-01-31
A0034,Church Creek Stormwater Drainage Basin Authority,City of Charleston,City board/commission/committee,Attend meetings; submit comments or speaker sign-up via Public Meeting Portal when enabled; request records via FOIA,Agenda Center / Public Meeting Portal,https://www.charleston-sc.gov/AgendaCenter/Search/?term=&CIDs=57,Category listed in Agenda Center; agendas/minutes posted there.,Listed as a City of Charleston public board/commission/committee with publicly scheduled meetings.,https://www.charleston-sc.gov/DocumentCenter/View/3734/City-of-Charleston-2026-Boards-and-Commissions-Meeting-Schedule,listing,2026-01-31
A0035,Citizen's Police Advisory Council,City of Charleston,City board/commission/committee,Attend meetings; submit comments or speaker sign-up via Public Meeting Portal when enabled; request records via FOIA,Agenda Center / Public Meeting Portal,https://www.charleston-sc.gov/AgendaCenter/Search/?term=&CIDs=44,Category listed in Agenda Center; agendas/minutes posted there.,Listed as a City of Charleston public board/commission/committee with publicly scheduled meetings.,https://www.charleston-sc.gov/DocumentCenter/View/3734/City-of-Charleston-2026-Boards-and-Commissions-Meeting-Schedule,listing,2026-01-31
A0036,City Council,City of Charleston,City board/commission/committee,Attend meetings; submit comments or speaker sign-up via Public Meeting Portal when enabled; request records via FOIA,Agenda Center / Public Meeting Portal,https://www.charleston-sc.gov/AgendaCenter/Search/?term=&CIDs=7,Category listed in Agenda Center; agendas/minutes posted there.,"Local government is a generic term for the lowest tiers of governance or public administration within a particular sovereign state. A municipal council or local council is the legislative body of a municipality or local government area. Depending on the location and classification of the municipality it may be known as a city council, town council, town board, community council, borough council, rural council, village council, board of aldermen, or board of selectmen.",https://en.wikipedia.org/wiki/Local_government,wikipedia,2026-01-31
A0037,City of Charleston 350th Celebration Steering Committee,City of Charleston,City board/commission/committee,Attend meetings; submit comments or speaker sign-up via Public Meeting Portal when enabled; request records via FOIA,Agenda Center / Public Meeting Portal,https://www.charleston-sc.gov/AgendaCenter/Search/?term=&CIDs=39,Category listed in Agenda Center; agendas/minutes posted there.,Listed as a City of Charleston public board/commission/committee with publicly scheduled meetings.,https://www.charleston-sc.gov/DocumentCenter/View/3734/City-of-Charleston-2026-Boards-and-Commissions-Meeting-Schedule,listing,2026-01-31
A0038,City of Charleston Public Facilities Corporation,City of Charleston,City board/commission/committee,Attend meetings; submit comments or speaker sign-up via Public Meeting Portal when enabled; request records via FOIA,Agenda Center / Public Meeting Portal,https://www.charleston-sc.gov/AgendaCenter/Search/?term=&CIDs=26,Category listed in Agenda Center; agendas/minutes posted there.,Listed as a City of Charleston public board/commission/committee with publicly scheduled meetings.,https://www.charleston-sc.gov/DocumentCenter/View/3734/City-of-Charleston-2026-Boards-and-Commissions-Meeting-Schedule,listing,2026-01-31
A0039,Code of Conduct Ad Hoc Committee,City of Charleston,City board/commission/committee,Attend meetings; submit comments or speaker sign-up via Public Meeting Portal when enabled; request records via FOIA,Agenda Center / Public Meeting Portal,https://www.charleston-sc.gov/AgendaCenter/Search/?term=&CIDs=59,Category listed in Agenda Center; agendas/minutes posted there.,Listed as a City of Charleston public board/commission/committee with publicly scheduled meetings.,https://www.charleston-sc.gov/DocumentCenter/View/3734/City-of-Charleston-2026-Boards-and-Commissions-Meeting-Schedule,listing,2026-01-31
A0040,Colonial Common and Ashley River Embankment Commission,City of Charleston,City board/commission/committee,Attend meetings; submit comments or speaker sign-up via Public Meeting Portal when enabled; request records via FOIA,Agenda Center / Public Meeting Portal,https://www.charleston-sc.gov/AgendaCenter/Search/?term=&CIDs=32,Category listed in Agenda Center; agendas/minutes posted there.,Listed as a City of Charleston public board/commission/committee with publicly scheduled meetings.,https://www.charleston-sc.gov/DocumentCenter/View/3734/City-of-Charleston-2026-Boards-and-Commissions-Meeting-Schedule,listing,2026-01-31
A0041,Commission On Arts,City of Charleston,City board/commission/committee,Attend meetings; submit comments or speaker sign-up via Public Meeting Portal when enabled; request records via FOIA,Agenda Center / Public Meeting Portal,https://www.charleston-sc.gov/AgendaCenter/Search/?term=&CIDs=33,Category listed in Agenda Center; agendas/minutes posted there.,Listed as a City of Charleston public board/commission/committee with publicly scheduled meetings.,https://www.charleston-sc.gov/DocumentCenter/View/3734/City-of-Charleston-2026-Boards-and-Commissions-Meeting-Schedule,listing,2026-01-31
A0042,Commission on Disability Issues,City of Charleston,City board/commission/committee,Attend meetings; submit comments or speaker sign-up via Public Meeting Portal when enabled; request records via FOIA,Agenda Center / Public Meeting Portal,https://www.charleston-sc.gov/AgendaCenter/Search/?term=&CIDs=42,Category listed in Agenda Center; agendas/minutes posted there.,Listed as a City of Charleston public board/commission/committee with publicly scheduled meetings.,https://www.charleston-sc.gov/DocumentCenter/View/3734/City-of-Charleston-2026-Boards-and-Commissions-Meeting-Schedule,listing,2026-01-31
A0043,"Commission on Equity, Inclusion, and Racial Conciliation",City of Charleston,City board/commission/committee,Attend meetings; submit comments or speaker sign-up via Public Meeting Portal when enabled; request records via FOIA,Agenda Center / Public Meeting Portal,https://www.charleston-sc.gov/AgendaCenter/Search/?term=&CIDs=53,Category listed in Agenda Center; agendas/minutes posted there.,Listed as a City of Charleston public board/commission/committee with publicly scheduled meetings.,https://www.charleston-sc.gov/DocumentCenter/View/3734/City-of-Charleston-2026-Boards-and-Commissions-Meeting-Schedule,listing,2026-01-31
A0044,Commission on History,City of Charleston,City board/commission/committee,Attend meetings; submit comments or speaker sign-up via Public Meeting Portal when enabled; request records via FOIA,Agenda Center / Public Meeting Portal,https://www.charleston-sc.gov/AgendaCenter/Search/?term=&CIDs=30,Category listed in Agenda Center; agendas/minutes posted there.,Listed as a City of Charleston public board/commission/committee with publicly scheduled meetings.,https://www.charleston-sc.gov/DocumentCenter/View/3734/City-of-Charleston-2026-Boards-and-Commissions-Meeting-Schedule,listing,2026-01-31
A0045,Commission on Women,City of Charleston,City board/commission/committee,Attend meetings; submit comments or speaker sign-up via Public Meeting Portal when enabled; request records via FOIA,Agenda Center / Public Meeting Portal,https://www.charleston-sc.gov/AgendaCenter/Search/?term=&CIDs=45,Category listed in Agenda Center; agendas/minutes posted there.,Listed as a City of Charleston public board/commission/committee with publicly scheduled meetings.,https://www.charleston-sc.gov/DocumentCenter/View/3734/City-of-Charleston-2026-Boards-and-Commissions-Meeting-Schedule,listing,2026-01-31
A0046,Community Development,City of Charleston,City board/commission/committee,Attend meetings; submit comments or speaker sign-up via Public Meeting Portal when enabled; request records via FOIA,Agenda Center / Public Meeting Portal,https://www.charleston-sc.gov/AgendaCenter/Search/?term=&CIDs=14,Category listed in Agenda Center; agendas/minutes posted there.,"The United Nations defines community development as ""a process where community members come together to take collective action and generate solutions to common problems."" It is a broad concept, applied to the practices of civic leaders, activists, involved citizens, and professionals to improve various aspects of communities, typically aiming to build stronger and more resilient local communities.",https://en.wikipedia.org/wiki/Community_development,wikipedia,2026-01-31
A0047,Design Review Board,City of Charleston,City board/commission/committee,Attend meetings; submit comments or speaker sign-up via Public Meeting Portal when enabled; request records via FOIA,Agenda Center / Public Meeting Portal,https://www.charleston-sc.gov/AgendaCenter/Search/?term=&CIDs=4,Category listed in Agenda Center; agendas/minutes posted there.,Listed as a City of Charleston public board/commission/committee with publicly scheduled meetings.,https://www.charleston-sc.gov/DocumentCenter/View/3734/City-of-Charleston-2026-Boards-and-Commissions-Meeting-Schedule,listing,2026-01-31
A0048,Health and Wellness Advisory Committee,City of Charleston,City board/commission/committee,Attend meetings; submit comments or speaker sign-up via Public Meeting Portal when enabled; request records via FOIA,Agenda Center / Public Meeting Portal,https://www.charleston-sc.gov/AgendaCenter/Search/?term=&CIDs=35,Category listed in Agenda Center; agendas/minutes posted there.,Listed as a City of Charleston public board/commission/committee with publicly scheduled meetings.,https://www.charleston-sc.gov/DocumentCenter/View/3734/City-of-Charleston-2026-Boards-and-Commissions-Meeting-Schedule,listing,2026-01-31
A0049,Home Ownership Initiative Commission,City of Charleston,City board/commission/committee,Attend meetings; submit comments or speaker sign-up via Public Meeting Portal when enabled; request records via FOIA,Agenda Center / Public Meeting Portal,https://www.charleston-sc.gov/AgendaCenter/Search/?term=&CIDs=41,Category listed in Agenda Center; agendas/minutes posted there.,Listed as a City of Charleston public board/commission/committee with publicly scheduled meetings.,https://www.charleston-sc.gov/DocumentCenter/View/3734/City-of-Charleston-2026-Boards-and-Commissions-Meeting-Schedule,listing,2026-01-31
A0050,Hotel Task Force,City of Charleston,City board/commission/committee,Attend meetings; submit comments or speaker sign-up via Public Meeting Portal when enabled; request records via FOIA,Agenda Center / Public Meeting Portal,https://www.charleston-sc.gov/AgendaCenter/Search/?term=&CIDs=48,Category listed in Agenda Center; agendas/minutes posted there.,Listed as a City of Charleston public board/commission/committee with publicly scheduled meetings.,https://www.charleston-sc.gov/DocumentCenter/View/3734/City-of-Charleston-2026-Boards-and-Commissions-Meeting-Schedule,listing,2026-01-31
A0051,Human Affairs and Racial Conciliation Commission,City of Charleston,City board/commission/committee,Attend meetings; submit comments or speaker sign-up via Public Meeting Portal when enabled; request records via FOIA,Agenda Center / Public Meeting Portal,https://www.charleston-sc.gov/AgendaCenter/Search/?term=&CIDs=63,Category listed in Agenda Center; agendas/minutes posted there.,Listed as a City of Charleston public board/commission/committee with publicly scheduled meetings.,https://www.charleston-sc.gov/DocumentCenter/View/3734/City-of-Charleston-2026-Boards-and-Commissions-Meeting-Schedule,listing,2026-01-31
A0052,Human Resources Committee,City of Charleston,City board/commission/committee,Attend meetings; submit comments or speaker sign-up via Public Meeting Portal when enabled; request records via FOIA,Agenda Center / Public Meeting Portal,https://www.charleston-sc.gov/AgendaCenter/Search/?term=&CIDs=21,Category listed in Agenda Center; agendas/minutes posted there.,Listed as a City of Charleston public board/commission/committee with publicly scheduled meetings.,https://www.charleston-sc.gov/DocumentCenter/View/3734/City-of-Charleston-2026-Boards-and-Commissions-Meeting-Schedule,listing,2026-01-31
A0053,James Island Creek Water Quality Task Force,City of Charleston,City board/commission/committee,Attend meetings; submit comments or speaker sign-up via Public Meeting Portal when enabled; request records via FOIA,Agenda Center / Public Meeting Portal,https://www.charleston-sc.gov/AgendaCenter/Search/?term=&CIDs=55,Category listed in Agenda Center; agendas/minutes posted there.,Listed as a City of Charleston public board/commission/committee with publicly scheduled meetings.,https://www.charleston-sc.gov/DocumentCenter/View/3734/City-of-Charleston-2026-Boards-and-Commissions-Meeting-Schedule,listing,2026-01-31
A0054,James Island Intergovernmental Council Agenda,City of Charleston,City board/commission/committee,Attend meetings; submit comments or speaker sign-up via Public Meeting Portal when enabled; request records via FOIA,Agenda Center / Public Meeting Portal,https://www.charleston-sc.gov/AgendaCenter/Search/?term=&CIDs=66,Category listed in Agenda Center; agendas/minutes posted there.,Listed as a City of Charleston public board/commission/committee with publicly scheduled meetings.,https://www.charleston-sc.gov/DocumentCenter/View/3734/City-of-Charleston-2026-Boards-and-Commissions-Meeting-Schedule,listing,2026-01-31
A0055,Johns Island Growth Management Committee,City of Charleston,City board/commission/committee,Attend meetings; submit comments or speaker sign-up via Public Meeting Portal when enabled; request records via FOIA,Agenda Center / Public Meeting Portal,https://www.charleston-sc.gov/AgendaCenter/Search/?term=&CIDs=38,Category listed in Agenda Center; agendas/minutes posted there.,Listed as a City of Charleston public board/commission/committee with publicly scheduled meetings.,https://www.charleston-sc.gov/DocumentCenter/View/3734/City-of-Charleston-2026-Boards-and-Commissions-Meeting-Schedule,listing,2026-01-31
A0056,Keep Charleston Beautiful,City of Charleston,City board/commission/committee,Attend meetings; submit comments or speaker sign-up via Public Meeting Portal when enabled; request records via FOIA,Agenda Center / Public Meeting Portal,https://www.charleston-sc.gov/AgendaCenter/Search/?term=&CIDs=71,Category listed in Agenda Center; agendas/minutes posted there.,Listed as a City of Charleston public board/commission/committee with publicly scheduled meetings.,https://www.charleston-sc.gov/DocumentCenter/View/3734/City-of-Charleston-2026-Boards-and-Commissions-Meeting-Schedule,listing,2026-01-31
A0057,License Committee,City of Charleston,City board/commission/committee,Attend meetings; submit comments or speaker sign-up via Public Meeting Portal when enabled; request records via FOIA,Agenda Center / Public Meeting Portal,https://www.charleston-sc.gov/AgendaCenter/Search/?term=&CIDs=22,Category listed in Agenda Center; agendas/minutes posted there.,Listed as a City of Charleston public board/commission/committee with publicly scheduled meetings.,https://www.charleston-sc.gov/DocumentCenter/View/3734/City-of-Charleston-2026-Boards-and-Commissions-Meeting-Schedule,listing,2026-01-31
A0058,Livability Review Board,City of Charleston,City board/commission/committee,Attend meetings; submit comments or speaker sign-up via Public Meeting Portal when enabled; request records via FOIA,Agenda Center / Public Meeting Portal,https://www.charleston-sc.gov/AgendaCenter/Search/?term=&CIDs=69,Category listed in Agenda Center; agendas/minutes posted there.,Listed as a City of Charleston public board/commission/committee with publicly scheduled meetings.,https://www.charleston-sc.gov/DocumentCenter/View/3734/City-of-Charleston-2026-Boards-and-Commissions-Meeting-Schedule,listing,2026-01-31
A0059,Minority Business Enterprise Advisory Board,City of Charleston,City board/commission/committee,Attend meetings; submit comments or speaker sign-up via Public Meeting Portal when enabled; request records via FOIA,Agenda Center / Public Meeting Portal,https://www.charleston-sc.gov/AgendaCenter/Search/?term=&CIDs=47,Category listed in Agenda Center; agendas/minutes posted there.,Listed as a City of Charleston public board/commission/committee with publicly scheduled meetings.,https://www.charleston-sc.gov/DocumentCenter/View/3734/City-of-Charleston-2026-Boards-and-Commissions-Meeting-Schedule,listing,2026-01-31
A0060,Municipal Election Commission,City of Charleston,City board/commission/committee,Attend meetings; submit comments or speaker sign-up via Public Meeting Portal when enabled; request records via FOIA,Agenda Center / Public Meeting Portal,https://www.charleston-sc.gov/AgendaCenter/Search/?term=&CIDs=49,Category listed in Agenda Center; agendas/minutes posted there.,Listed as a City of Charleston public board/commission/committee with publicly scheduled meetings.,https://www.charleston-sc.gov/DocumentCenter/View/3734/City-of-Charleston-2026-Boards-and-Commissions-Meeting-Schedule,listing,2026-01-31
A0061,Palmetto Rose Artisan Public Meeting,City of Charleston,City board/commission/committee,Attend meetings; submit comments or speaker sign-up via Public Meeting Portal when enabled; request records via FOIA,Agenda Center / Public Meeting Portal,https://www.charleston-sc.gov/AgendaCenter/Search/?term=&CIDs=43,Category listed in Agenda Center; agendas/minutes posted there.,Listed as a City of Charleston public board/commission/committee with publicly scheduled meetings.,https://www.charleston-sc.gov/DocumentCenter/View/3734/City-of-Charleston-2026-Boards-and-Commissions-Meeting-Schedule,listing,2026-01-31
A0062,Peninsula Perimeter Protection Advisory Committee,City of Charleston,City board/commission/committee,Attend meetings; submit comments or speaker sign-up via Public Meeting Portal when enabled; request records via FOIA,Agenda Center / Public Meeting Portal,https://www.charleston-sc.gov/AgendaCenter/Search/?term=&CIDs=68,Category listed in Agenda Center; agendas/minutes posted there.,Listed as a City of Charleston public board/commission/committee with publicly scheduled meetings.,https://www.charleston-sc.gov/DocumentCenter/View/3734/City-of-Charleston-2026-Boards-and-Commissions-Meeting-Schedule,listing,2026-01-31
A0063,Planning Commission,City of Charleston,City board/commission/committee,Attend meetings; submit comments or speaker sign-up via Public Meeting Portal when enabled; request records via FOIA,Agenda Center / Public Meeting Portal,https://www.charleston-sc.gov/AgendaCenter/Search/?term=&CIDs=5,Category listed in Agenda Center; agendas/minutes posted there.,Listed as a City of Charleston public board/commission/committee with publicly scheduled meetings.,https://www.charleston-sc.gov/DocumentCenter/View/3734/City-of-Charleston-2026-Boards-and-Commissions-Meeting-Schedule,listing,2026-01-31
A0064,Police Audit,City of Charleston,City board/commission/committee,Attend meetings; submit comments or speaker sign-up via Public Meeting Portal when enabled; request records via FOIA,Agenda Center / Public Meeting Portal,https://www.charleston-sc.gov/AgendaCenter/Search/?term=&CIDs=37,Category listed in Agenda Center; agendas/minutes posted there.,Listed as a City of Charleston public board/commission/committee with publicly scheduled meetings.,https://www.charleston-sc.gov/DocumentCenter/View/3734/City-of-Charleston-2026-Boards-and-Commissions-Meeting-Schedule,listing,2026-01-31
A0065,PriorityStat,City of Charleston,City board/commission/committee,Attend meetings; submit comments or speaker sign-up via Public Meeting Portal when enabled; request records via FOIA,Agenda Center / Public Meeting Portal,https://www.charleston-sc.gov/AgendaCenter/Search/?term=&CIDs=65,Category listed in Agenda Center; agendas/minutes posted there.,Listed as a City of Charleston public board/commission/committee with publicly scheduled meetings.,https://www.charleston-sc.gov/DocumentCenter/View/3734/City-of-Charleston-2026-Boards-and-Commissions-Meeting-Schedule,listing,2026-01-31
A0066,Public Safety Committee,City of Charleston,City board/commission/committee,Attend meetings; submit comments or speaker sign-up via Public Meeting Portal when enabled; request records via FOIA,Agenda Center / Public Meeting Portal,https://www.charleston-sc.gov/AgendaCenter/Search/?term=&CIDs=17,Category listed in Agenda Center; agendas/minutes posted there.,Listed as a City of Charleston public board/commission/committee with publicly scheduled meetings.,https://www.charleston-sc.gov/DocumentCenter/View/3734/City-of-Charleston-2026-Boards-and-Commissions-Meeting-Schedule,listing,2026-01-31
A0067,Public Works and Utilities Committee,City of Charleston,City board/commission/committee,Attend meetings; submit comments or speaker sign-up via Public Meeting Portal when enabled; request records via FOIA,Agenda Center / Public Meeting Portal,https://www.charleston-sc.gov/AgendaCenter/Search/?term=&CIDs=15,Category listed in Agenda Center; agendas/minutes posted there.,Listed as a City of Charleston public board/commission/committee with publicly scheduled meetings.,https://www.charleston-sc.gov/DocumentCenter/View/3734/City-of-Charleston-2026-Boards-and-Commissions-Meeting-Schedule,listing,2026-01-31
A0068,Recreation Commission,City of Charleston,City board/commission/committee,Attend meetings; submit comments or speaker sign-up via Public Meeting Portal when enabled; request records via FOIA,Agenda Center / Public Meeting Portal,https://www.charleston-sc.gov/AgendaCenter/Search/?term=&CIDs=75,Category listed in Agenda Center; agendas/minutes posted there.,Listed as a City of Charleston public board/commission/committee with publicly scheduled meetings.,https://www.charleston-sc.gov/DocumentCenter/View/3734/City-of-Charleston-2026-Boards-and-Commissions-Meeting-Schedule,listing,2026-01-31
A0069,Recreation Committee,City of Charleston,City board/commission/committee,Attend meetings; submit comments or speaker sign-up via Public Meeting Portal when enabled; request records via FOIA,Agenda Center / Public Meeting Portal,https://www.charleston-sc.gov/AgendaCenter/Search/?term=&CIDs=25,Category listed in Agenda Center; agendas/minutes posted there.,Listed as a City of Charleston public board/commission/committee with publicly scheduled meetings.,https://www.charleston-sc.gov/DocumentCenter/View/3734/City-of-Charleston-2026-Boards-and-Commissions-Meeting-Schedule,listing,2026-01-31
A0070,Redevelopment and Preservation Commission,City of Charleston,City board/commission/committee,Attend meetings; submit comments or speaker sign-up via Public Meeting Portal when enabled; request records via FOIA,Agenda Center / Public Meeting Portal,https://www.charleston-sc.gov/AgendaCenter/Search/?term=&CIDs=70,Category listed in Agenda Center; agendas/minutes posted there.,Listed as a City of Charleston public board/commission/committee with publicly scheduled meetings.,https://www.charleston-sc.gov/DocumentCenter/View/3734/City-of-Charleston-2026-Boards-and-Commissions-Meeting-Schedule,listing,2026-01-31
A0071,Resilience & Sustainability Advisory Committee,City of Charleston,City board/commission/committee,Attend meetings; submit comments or speaker sign-up via Public Meeting Portal when enabled; request records via FOIA,Agenda Center / Public Meeting Portal,https://www.charleston-sc.gov/AgendaCenter/Search/?term=&CIDs=34,Category listed in Agenda Center; agendas/minutes posted there.,Listed as a City of Charleston public board/commission/committee with publicly scheduled meetings.,https://www.charleston-sc.gov/DocumentCenter/View/3734/City-of-Charleston-2026-Boards-and-Commissions-Meeting-Schedule,listing,2026-01-31
A0072,Salary Study Committee,City of Charleston,City board/commission/committee,Attend meetings; submit comments or speaker sign-up via Public Meeting Portal when enabled; request records via FOIA,Agenda Center / Public Meeting Portal,https://www.charleston-sc.gov/AgendaCenter/Search/?term=&CIDs=24,Category listed in Agenda Center; agendas/minutes posted there.,Listed as a City of Charleston public board/commission/committee with publicly scheduled meetings.,https://www.charleston-sc.gov/DocumentCenter/View/3734/City-of-Charleston-2026-Boards-and-Commissions-Meeting-Schedule,listing,2026-01-31
A0073,Short Term Rental Task Force,City of Charleston,City board/commission/committee,Attend meetings; submit comments or speaker sign-up via Public Meeting Portal when enabled; request records via FOIA,Agenda Center / Public Meeting Portal,https://www.charleston-sc.gov/AgendaCenter/Search/?term=&CIDs=31,Category listed in Agenda Center; agendas/minutes posted there.,Listed as a City of Charleston public board/commission/committee with publicly scheduled meetings.,https://www.charleston-sc.gov/DocumentCenter/View/3734/City-of-Charleston-2026-Boards-and-Commissions-Meeting-Schedule,listing,2026-01-31
A0074,"Special Commission on Equity, Inclusion, and Racial Conciliation Economic Empowerment Subcommittee",City of Charleston,City board/commission/committee,Attend meetings; submit comments or speaker sign-up via Public Meeting Portal when enabled; request records via FOIA,Agenda Center / Public Meeting Portal,https://www.charleston-sc.gov/AgendaCenter/Search/?term=&CIDs=54,Category listed in Agenda Center; agendas/minutes posted there.,Listed as a City of Charleston public board/commission/committee with publicly scheduled meetings.,https://www.charleston-sc.gov/DocumentCenter/View/3734/City-of-Charleston-2026-Boards-and-Commissions-Meeting-Schedule,listing,2026-01-31
A0075,Special Events Committee,City of Charleston,City board/commission/committee,Attend meetings; submit comments or speaker sign-up via Public Meeting Portal when enabled; request records via FOIA,Agenda Center / Public Meeting Portal,https://www.charleston-sc.gov/AgendaCenter/Search/?term=&CIDs=72,Category listed in Agenda Center; agendas/minutes posted there.,Listed as a City of Charleston public board/commission/committee with publicly scheduled meetings.,https://www.charleston-sc.gov/DocumentCenter/View/3734/City-of-Charleston-2026-Boards-and-Commissions-Meeting-Schedule,listing,2026-01-31
A0076,Special Facilities,City of Charleston,City board/commission/committee,Attend meetings; submit comments or speaker sign-up via Public Meeting Portal when enabled; request records via FOIA,Agenda Center / Public Meeting Portal,https://www.charleston-sc.gov/AgendaCenter/Search/?term=&CIDs=51,Category listed in Agenda Center; agendas/minutes posted there.,Listed as a City of Charleston public board/commission/committee with publicly scheduled meetings.,https://www.charleston-sc.gov/DocumentCenter/View/3734/City-of-Charleston-2026-Boards-and-Commissions-Meeting-Schedule,listing,2026-01-31
A0077,St. Julian Devine Community Center Smokestacks Task Force,City of Charleston,City board/commission/committee,Attend meetings; submit comments or speaker sign-up via Public Meeting Portal when enabled; request records via FOIA,Agenda Center / Public Meeting Portal,https://www.charleston-sc.gov/AgendaCenter/Search/?term=&CIDs=56,Category listed in Agenda Center; agendas/minutes posted there.,Listed as a City of Charleston public board/commission/committee with publicly scheduled meetings.,https://www.charleston-sc.gov/DocumentCenter/View/3734/City-of-Charleston-2026-Boards-and-Commissions-Meeting-Schedule,listing,2026-01-31
A0078,Sumar Street Task Force,City of Charleston,City board/commission/committee,Attend meetings; submit comments or speaker sign-up via Public Meeting Portal when enabled; request records via FOIA,Agenda Center / Public Meeting Portal,https://www.charleston-sc.gov/AgendaCenter/Search/?term=&CIDs=67,Category listed in Agenda Center; agendas/minutes posted there.,Listed as a City of Charleston public board/commission/committee with publicly scheduled meetings.,https://www.charleston-sc.gov/DocumentCenter/View/3734/City-of-Charleston-2026-Boards-and-Commissions-Meeting-Schedule,listing,2026-01-31
A0079,Technical Review Committee,City of Charleston,City board/commission/committee,Attend meetings; submit comments or speaker sign-up via Public Meeting Portal when enabled; request records via FOIA,Agenda Center / Public Meeting Portal,https://www.charleston-sc.gov/AgendaCenter/Search/?term=&CIDs=8,Category listed in Agenda Center; agendas/minutes posted there.,Listed as a City of Charleston public board/commission/committee with publicly scheduled meetings.,https://www.charleston-sc.gov/DocumentCenter/View/3734/City-of-Charleston-2026-Boards-and-Commissions-Meeting-Schedule,listing,2026-01-31
A0080,Tourism Commission,City of Charleston,City board/commission/committee,Attend meetings; submit comments or speaker sign-up via Public Meeting Portal when enabled; request records via FOIA,Agenda Center / Public Meeting Portal,https://www.charleston-sc.gov/AgendaCenter/Search/?term=&CIDs=6,Category listed in Agenda Center; agendas/minutes posted there.,Listed as a City of Charleston public board/commission/committee with publicly scheduled meetings.,https://www.charleston-sc.gov/DocumentCenter/View/3734/City-of-Charleston-2026-Boards-and-Commissions-Meeting-Schedule,listing,2026-01-31
A0081,Tourism Management Plan Advisory Committee,City of Charleston,City board/commission/committee,Attend meetings; submit comments or speaker sign-up via Public Meeting Portal when enabled; request records via FOIA,Agenda Center / Public Meeting Portal,https://www.charleston-sc.gov/AgendaCenter/Search/?term=&CIDs=18,Category listed in Agenda Center; agendas/minutes posted there.,Listed as a City of Charleston public board/commission/committee with publicly scheduled meetings.,https://www.charleston-sc.gov/DocumentCenter/View/3734/City-of-Charleston-2026-Boards-and-Commissions-Meeting-Schedule,listing,2026-01-31
A0082,Traffic and Transportation Committee,City of Charleston,City board/commission/committee,Attend meetings; submit comments or speaker sign-up via Public Meeting Portal when enabled; request records via FOIA,Agenda Center / Public Meeting Portal,https://www.charleston-sc.gov/AgendaCenter/Search/?term=&CIDs=16,Category listed in Agenda Center; agendas/minutes posted there.,Listed as a City of Charleston public board/commission/committee with publicly scheduled meetings.,https://www.charleston-sc.gov/DocumentCenter/View/3734/City-of-Charleston-2026-Boards-and-Commissions-Meeting-Schedule,listing,2026-01-31
A0083,Underground Utilities Committee,City of Charleston,City board/commission/committee,Attend meetings; submit comments or speaker sign-up via Public Meeting Portal when enabled; request records via FOIA,Agenda Center / Public Meeting Portal,https://www.charleston-sc.gov/AgendaCenter/Search/?term=&CIDs=50,Category listed in Agenda Center; agendas/minutes posted there.,Listed as a City of Charleston public board/commission/committee with publicly scheduled meetings.,https://www.charleston-sc.gov/DocumentCenter/View/3734/City-of-Charleston-2026-Boards-and-Commissions-Meeting-Schedule,listing,2026-01-31
A0084,West Ashley Revitalization Commission,City of Charleston,City board/commission/committee,Attend meetings; submit comments or speaker sign-up via Public Meeting Portal when enabled; request records via FOIA,Agenda Center / Public Meeting Portal,https://www.charleston-sc.gov/AgendaCenter/Search/?term=&CIDs=29,Category listed in Agenda Center; agendas/minutes posted there.,Listed as a City of Charleston public board/commission/committee with publicly scheduled meetings.,https://www.charleston-sc.gov/DocumentCenter/View/3734/City-of-Charleston-2026-Boards-and-Commissions-Meeting-Schedule,listing,2026-01-31
A0085,Committee on Real Estate,City of Charleston,City committee,Attend meetings; agendas/minutes via Agenda Center; public comment rules per agenda,Agenda Center / Public Meeting Portal,https://www.charleston-sc.gov/AgendaCenter,Listed on 2026 Boards & Commissions meeting schedule.,Listed as a City of Charleston public board/commission/committee with publicly scheduled meetings.,https://www.charleston-sc.gov/DocumentCenter/View/3734/City-of-Charleston-2026-Boards-and-Commissions-Meeting-Schedule,listing,2026-01-31
A0086,Committee on Ways and Means,City of Charleston,City committee,Attend meetings; agendas/minutes via Agenda Center; public comment rules per agenda,Agenda Center / Public Meeting Portal,https://www.charleston-sc.gov/AgendaCenter,Listed on 2026 Boards & Commissions meeting schedule.,Listed as a City of Charleston public board/commission/committee with publicly scheduled meetings.,https://www.charleston-sc.gov/DocumentCenter/View/3734/City-of-Charleston-2026-Boards-and-Commissions-Meeting-Schedule,listing,2026-01-31
A0087,Accommodations Tax Advisory Committee (County),Charleston County,County advisory committee,Attend meetings; apply for appointment via Board Manager,Board Manager portal / County Council,https://bm-public-charlestoncounty.escribemeetings.com,Makes recommendations to Council on expenditure of state accommodations tax revenue.,Makes recommendations to Council on the expenditure of revenue generated from the state accommodations tax.,https://bm-public-charlestoncounty.escribemeetings.com,official,2026-01-31
A0088,Charleston County Aviation Authority,Charleston County,County authority,Attend meetings; apply for appointment,Board Manager portal / County Council,https://bm-public-charlestoncounty.escribemeetings.com,Operates Charleston International Airport (CHS) and Charleston Executive Airport (JZI) and Mount Pleasant Regional Airport.,Operates Charleston International Airport (CHS) and Charleston Executive Airport (JZI) and Mount Pleasant Regional Airport.,https://bm-public-charlestoncounty.escribemeetings.com,official,2026-01-31
A0089,Base Redevelopment Authority,Charleston County,County authority,Attend meetings; apply for appointment,Board Manager portal / County Council,https://bm-public-charlestoncounty.escribemeetings.com,Oversees Naval Complex redevelopment.,Oversees Naval Complex redevelopment.,https://bm-public-charlestoncounty.escribemeetings.com,official,2026-01-31
A0090,Berkeley-Charleston-Dorchester Council of Governments (BCDCOG),Charleston County,Regional council of governments,Attend meetings; engage via BCDCOG,Board Manager portal / BCDCOG,https://bm-public-charlestoncounty.escribemeetings.com,One of ten regional councils serving municipalities and counties.,One of ten regional councils serving municipalities and counties.,https://bm-public-charlestoncounty.escribemeetings.com,official,2026-01-31
A0091,Board of Assessment Appeals,Charleston County,County appeals board,Attend meetings; file property valuation appeals,Board Manager portal / County Assessor,https://bm-public-charlestoncounty.escribemeetings.com,Hears property valuation appeals from the Assessor.,Hears property valuation appeals from the Assessor.,https://bm-public-charlestoncounty.escribemeetings.com,official,2026-01-31
A0092,Business License/User Fee Appeals Board,Charleston County,County appeals board,Attend meetings; file business license or user fee appeals,Board Manager portal / County Council,https://bm-public-charlestoncounty.escribemeetings.com,Six-member board hearing citizen and business appeals.,Six-member board hearing citizen and business appeals.,https://bm-public-charlestoncounty.escribemeetings.com,official,2026-01-31
A0093,Charleston County Parks and Recreation Commission,Charleston County,County commission,Attend meetings; apply for appointment,Board Manager portal / County Council,https://bm-public-charlestoncounty.escribemeetings.com,Seven-member policy-making board with oversight responsibilities for county parks.,Seven-member policy-making board with oversight responsibilities.,https://bm-public-charlestoncounty.escribemeetings.com,official,2026-01-31
A0094,Community Development Advisory Board (County),Charleston County,County advisory board,Attend meetings; apply for appointment,Board Manager portal / County Council,https://bm-public-charlestoncounty.escribemeetings.com,Provides policy guidance under the Housing and Community Development Act of 1974.,Provides policy guidance under the Housing and Community Development Act of 1974.,https://bm-public-charlestoncounty.escribemeetings.com,official,2026-01-31
A0095,Construction Board of Adjustment and Appeals,Charleston County,County appeals board,Attend meetings; file appeals of Building Official decisions,Board Manager portal / County Council,https://bm-public-charlestoncounty.escribemeetings.com,Hears appeals of Building Official decisions.,Hears appeals of Building Official decisions.,https://bm-public-charlestoncounty.escribemeetings.com,official,2026-01-31
A0096,Disabilities and Special Needs Board,Charleston County,County board,Attend meetings; apply for appointment,Board Manager portal / County Council,https://bm-public-charlestoncounty.escribemeetings.com,Four-year appointment terms; provides oversight to DSN services.,Four-year appointment terms; provides oversight to DSN services.,https://bm-public-charlestoncounty.escribemeetings.com,official,2026-01-31
A0097,Firemen's Insurance and Inspection Fund (1% Commission),Charleston County,County commission,Attend meetings,Board Manager portal / County Council,https://bm-public-charlestoncounty.escribemeetings.com,21 members: County Treasurer plus representatives from five fire districts.,21 members: County Treasurer plus representatives from five fire districts.,https://bm-public-charlestoncounty.escribemeetings.com,official,2026-01-31
A0098,Forestry Board,Charleston County,County board,Attend meetings; apply for appointment,Board Manager portal / County Council,https://bm-public-charlestoncounty.escribemeetings.com,Five members assisting with forestry programs and fire protection.,Five members assisting with forestry programs and fire protection.,https://bm-public-charlestoncounty.escribemeetings.com,official,2026-01-31
A0099,Greenbelt Advisory Board,Charleston County,County advisory board,Attend meetings; apply for appointment,Board Manager portal / County Council,https://bm-public-charlestoncounty.escribemeetings.com,Makes recommendations on greenbelt expenditures and policies.,Makes recommendations on expenditures and policies.,https://bm-public-charlestoncounty.escribemeetings.com,official,2026-01-31
A0100,Charleston County Historic Preservation Commission,Charleston County,County commission,Attend meetings; apply for appointment,"Board Manager portal / 4045 Bridge View Dr, North Charleston",https://bm-public-charlestoncounty.escribemeetings.com,Nine members reviewing historic property designations. Meets 3rd Wednesday at 2:00 PM.,Nine members reviewing historic property designations.,https://bm-public-charlestoncounty.escribemeetings.com,official,2026-01-31
A0101,Housing and Redevelopment Authority,Charleston County,County authority,Attend meetings; apply for appointment,Board Manager portal / County Council,https://bm-public-charlestoncounty.escribemeetings.com,Provides low-income housing using federal funds.,Provides low-income housing using federal funds.,https://bm-public-charlestoncounty.escribemeetings.com,official,2026-01-31
A0102,Charleston County Library Board of Trustees,Charleston County,County board,Attend meetings; apply for appointment,Board Manager portal / County Council,https://bm-public-charlestoncounty.escribemeetings.com,Manages Charleston County Public Library System.,Manages Charleston County Public Library System.,https://bm-public-charlestoncounty.escribemeetings.com,official,2026-01-31
A0103,Procurement Appeals Board,Charleston County,County appeals board,Attend meetings; file vendor protests or solicitation appeals,Board Manager portal / County Council,https://bm-public-charlestoncounty.escribemeetings.com,Addresses vendor protests and solicitation appeals.,Addresses vendor protests and solicitation appeals.,https://bm-public-charlestoncounty.escribemeetings.com,official,2026-01-31
A0104,Resilience & Sustainability Advisory Committee (County),Charleston County,County advisory committee,Attend meetings; apply for appointment,Board Manager portal / County Council,https://bm-public-charlestoncounty.escribemeetings.com,Develops Climate Action Plan and vulnerability assessments.,Develops Climate Action Plan and vulnerability assessments.,https://bm-public-charlestoncounty.escribemeetings.com,official,2026-01-31
A0105,Set Off Debt Collection Hearing Officer,Charleston County,County hearing officer,Attend hearings,Board Manager portal / County Council,https://bm-public-charlestoncounty.escribemeetings.com,Reviews medical bill debts.,Reviews medical bill debts.,https://bm-public-charlestoncounty.escribemeetings.com,official,2026-01-31
A0106,Saint Andrew's Parks and Playground Commission,Charleston County,Public service district commission,Attend meetings; apply for appointment,Board Manager portal / County Council,https://bm-public-charlestoncounty.escribemeetings.com,Five-member volunteer board for Public Service District.,Five-member volunteer board for Public Service District.,https://bm-public-charlestoncounty.escribemeetings.com,official,2026-01-31
A0107,Saint John's Fire District,Charleston County,Fire district board,Attend meetings,Board Manager portal / County Council,https://bm-public-charlestoncounty.escribemeetings.com,Oversees fire district administration and operations.,Oversees fire district administration and operations.,https://bm-public-charlestoncounty.escribemeetings.com,official,2026-01-31
A0108,Saint Paul's Fire District,Charleston County,Fire district board,Attend meetings,Board Manager portal / County Council,https://bm-public-charlestoncounty.escribemeetings.com,Manages fire protection district operations.,Manages fire protection district operations.,https://bm-public-charlestoncounty.escribemeetings.com,official,2026-01-31
A0109,Weed and Trash Abatement Hearing Board,Charleston County,County hearing board,Attend hearings; file appeals of abatement orders,Board Manager portal / County Council,https://bm-public-charlestoncounty.escribemeetings.com,Hears abatement order appeals.,Hears abatement order appeals.,https://bm-public-charlestoncounty.escribemeetings.com,official,2026-01-31
A0110,Charleston County Board of Zoning Appeals,Charleston County,County appeals board,Attend meetings; file zoning appeals,"Board Manager portal / 4045 Bridge View Dr, North Charleston",https://bm-public-charlestoncounty.escribemeetings.com,Hears administrative zoning error appeals. Meets 1st Monday at 5:00 PM.,Hears administrative zoning error appeals.,https://bm-public-charlestoncounty.escribemeetings.com,official,2026-01-31
